PHRASE,SCORE,START_WITH,END_WITH,CASE_SENSITIVE
(ILT)3,1,TRUE,TRUE,FALSE
(ILT)4,1,TRUE,TRUE,FALSE
11Beta-HSD BU,1,TRUE,TRUE,FALSE
5-HT2C,1,TRUE,TRUE,FALSE
a 7 nicotinic,1,TRUE,TRUE,FALSE
a2A,1,TRUE,TRUE,FALSE
A2aAR,1,TRUE,TRUE,FALSE
A2AR,1,TRUE,TRUE,FALSE
a7,1,TRUE,TRUE,FALSE
a-7 nicotinic,1,TRUE,TRUE,FALSE
a7nicotinic,1,TRUE,TRUE,FALSE
a-7nicotinic,1,TRUE,TRUE,FALSE
a7pam,1,TRUE,TRUE,FALSE
ACAT2 inhibitor,1,TRUE,TRUE,FALSE
Acetyl CoA Carboxylase 1/2,1,TRUE,TRUE,FALSE
Acetyl-CoA Carboxylase,1,TRUE,TRUE,FALSE
ActRIIB,1,TRUE,TRUE,FALSE
ActRIIB kinase,1,TRUE,TRUE,FALSE
Adcy2,1,TRUE,TRUE,FALSE
Adcy2 (adenylate cyclase 2),1,TRUE,TRUE,FALSE
adenosine 2a,1,TRUE,TRUE,FALSE
Adenosine A2b Receptor,1,TRUE,TRUE,FALSE
adenosine2a,1,TRUE,TRUE,FALSE
adenosinereceptora2A,1,TRUE,TRUE,FALSE
adenosinereceptoralpha2A,1,TRUE,TRUE,FALSE
adenylate cyclase 2,1,TRUE,TRUE,FALSE
ADI13716,1,TRUE,TRUE,FALSE
ADI-13716,1,TRUE,TRUE,FALSE
Adiponectin,1,TRUE,TRUE,FALSE
ADL5945,1,TRUE,TRUE,FALSE
ADRA2C,1,TRUE,TRUE,FALSE
Adropin,1,TRUE,TRUE,FALSE
Adropin (aka ENHO),1,TRUE,TRUE,FALSE
AF130,1,TRUE,TRUE,FALSE
AF-130,1,TRUE,TRUE,FALSE
AF219,1,TRUE,TRUE,FALSE
AF-219,1,TRUE,TRUE,FALSE
agonist positive allosteric modulator,1,TRUE,TRUE,FALSE
agonistpositiveallostericmodulator,1,TRUE,TRUE,FALSE
Akt BU3,1,TRUE,TRUE,FALSE
Aldehyde dehydrogenase family 1 subfamily A1,1,TRUE,TRUE,FALSE
Aldosterone Synthase Inhibitor,1,TRUE,TRUE,FALSE
alpha 7,1,TRUE,TRUE,FALSE
alpha 7 nicotinic,1,TRUE,TRUE,FALSE
alpha 7 pam,1,TRUE,TRUE,FALSE
alpha2A,1,TRUE,TRUE,FALSE
Alpha-2C adrenergic receptor,1,TRUE,TRUE,FALSE
Alpha-2C adrenergic receptor (ADRA2C),1,TRUE,TRUE,FALSE
alpha2C Adrenoceptor Agonist,1,TRUE,TRUE,FALSE
alpha7,1,TRUE,TRUE,FALSE
alpha7nicotinic,1,TRUE,TRUE,FALSE
alpha7pam,1,TRUE,TRUE,FALSE
alpha9alpha10-nicotinc acetylcholine receptor,1,TRUE,TRUE,FALSE
alpha-Synuclein,1,TRUE,TRUE,FALSE
anti CD27,1,TRUE,TRUE,FALSE
Anti IL-23-23R oncology,1,TRUE,TRUE,FALSE
anti PD-1,1,TRUE,TRUE,FALSE
Anti-Abeta42,1,TRUE,TRUE,FALSE
Anti-ADDL glycoengg,1,TRUE,TRUE,FALSE
Anti-ADDLs,1,TRUE,TRUE,FALSE
Anti-AGR2,1,TRUE,TRUE,FALSE
Anti-BTLA,1,TRUE,TRUE,FALSE
antiCD27,1,TRUE,TRUE,FALSE
anti-CD27,1,TRUE,TRUE,FALSE
anti-CD27antibody,1,TRUE,TRUE,FALSE
Anti-CD27-BRID,1,TRUE,TRUE,FALSE
anti-CD27mAb,1,TRUE,TRUE,FALSE
anti-CD27monoclonal,1,TRUE,TRUE,FALSE
anti-CD27-ONC,1,TRUE,TRUE,FALSE
Anti-CD70-BRID,1,TRUE,TRUE,FALSE
anti-CD70-ONC,1,TRUE,TRUE,FALSE
Anti-CGRP,1,TRUE,TRUE,FALSE
anti-CRTAM,1,TRUE,TRUE,FALSE
Anti-CS1-ADCC platform,1,TRUE,TRUE,FALSE
antiCTLA4,1,TRUE,TRUE,FALSE
antiCTLA-4,1,TRUE,TRUE,FALSE
anti-CTLA4,1,TRUE,TRUE,FALSE
anti-Dectin-1,1,TRUE,TRUE,FALSE
anti-Dectin-2,1,TRUE,TRUE,FALSE
Anti-ERK,1,TRUE,TRUE,FALSE
anti-ESM1,1,TRUE,TRUE,FALSE
anti-FDF03,1,TRUE,TRUE,FALSE
Anti-FDF03 antibody,1,TRUE,TRUE,FALSE
antiGITR,1,TRUE,TRUE,FALSE
anti-GITR,1,TRUE,TRUE,FALSE
Anti-HER3,1,TRUE,TRUE,FALSE
anti-HER3 monoclonal,1,TRUE,TRUE,FALSE
anti-HGF+VEGF,1,TRUE,TRUE,FALSE
anti-HGF+VEGF (Bispecific antibody targeting Hepatocyte growth facotr (HGF) and vascular endothelial growth factor-A (VEGF-A)),1,TRUE,TRUE,FALSE
anti-hMPV,1,TRUE,TRUE,FALSE
Anti-IL-0a CREG1 antibody,1,TRUE,TRUE,FALSE
anti-IL10,1,TRUE,TRUE,FALSE
anti-IL-10,1,TRUE,TRUE,FALSE
anti-IL10+aCD40 BsAb,1,TRUE,TRUE,FALSE
anti-IL10+aCD40 BsAb (Bispecific antibody linking anti-IL-10 with an anti-CD40),1,TRUE,TRUE,FALSE
Anti-IL-10+CpG Conjugate,1,TRUE,TRUE,FALSE
Anti-IL-10+immunotherapy,1,TRUE,TRUE,FALSE
Anti-IL-17B antibody,1,TRUE,TRUE,FALSE
Anti-IL-17C antibody,1,TRUE,TRUE,FALSE
Anti-IL-17D antibody,1,TRUE,TRUE,FALSE
Anti-IL-17RB antibody,1,TRUE,TRUE,FALSE
Anti-IL-19 antibody,1,TRUE,TRUE,FALSE
Anti-IL-20R2,1,TRUE,TRUE,FALSE
Anti-IL23R,1,TRUE,TRUE,FALSE
Anti-IL25,1,TRUE,TRUE,FALSE
Anti-IL-33 antibody,1,TRUE,TRUE,FALSE
anti-ILT3,1,TRUE,TRUE,FALSE
anti-ILT4,1,TRUE,TRUE,FALSE
anti-insulin-like growth factor-1 receptor,1,TRUE,TRUE,FALSE
anti-LAG,1,TRUE,TRUE,FALSE
Anti-MadCAM-1,1,TRUE,TRUE,FALSE
anti-MARCO,1,TRUE,TRUE,FALSE
Anti-MDL1,1,TRUE,TRUE,FALSE
Anti-PCSK9,1,TRUE,TRUE,FALSE
Anti-PCSK9 (Proprotein convertase subtilisin/kexin type 9),1,TRUE,TRUE,FALSE
anti-Plexin D1,1,TRUE,TRUE,FALSE
anti-REG4,1,TRUE,TRUE,FALSE
anti-RON,1,TRUE,TRUE,FALSE
anti-RON (Recepteur d'origine nantaise),1,TRUE,TRUE,FALSE
anti-RSV,1,TRUE,TRUE,FALSE
AntiRSV/hMPV,1,TRUE,TRUE,FALSE
Anti-RSV/hMPV,1,TRUE,TRUE,FALSE
anti-Semaphorin 4D,1,TRUE,TRUE,FALSE
anti-Semaphorin 4D (CD100),1,TRUE,TRUE,FALSE
Anti-ST-2 antibody,1,TRUE,TRUE,FALSE
antiTIGIT,1,TRUE,TRUE,FALSE
Anti-TIGIT,1,TRUE,TRUE,FALSE
Anti-TLR4 mAb,1,TRUE,TRUE,FALSE
Anti-TRKA,1,TRUE,TRUE,FALSE
Anti-TrkA-ONC,1,TRUE,TRUE,FALSE
ApoE Structure Corrector,1,TRUE,TRUE,FALSE
APRIL (bispecific),1,TRUE,TRUE,FALSE
APRIL (HSPG),1,TRUE,TRUE,FALSE
APRIL HSPG,1,TRUE,TRUE,FALSE
APRIL TACI,1,TRUE,TRUE,FALSE
APRIL TACI (TNFSF13),1,TRUE,TRUE,FALSE
APRIL TIP,1,TRUE,TRUE,FALSE
AR Down Regulator,1,TRUE,TRUE,FALSE
AR Down Regulator (SARD),1,TRUE,TRUE,FALSE
Arginase 2,1,TRUE,TRUE,FALSE
Arginase 2 (Arg2),1,TRUE,TRUE,FALSE
Arginase I/II,1,TRUE,TRUE,FALSE
Arginase Inhibitor,1,TRUE,TRUE,FALSE
ASIC3 Receptor,1,TRUE,TRUE,FALSE
Aß oligomerization inhibitors,1,TRUE,TRUE,FALSE
ASTL Inhibitor,1,TRUE,TRUE,FALSE
a-Synuclein,1,TRUE,TRUE,FALSE
Aurora Kinase,1,TRUE,TRUE,FALSE
AXWDHVUJXNOWCC-RAEGKSCOBM,1,TRUE,TRUE,FALSE
AXWDHVUJXNOWCC-RAEGKSCOSA-N,1,TRUE,TRUE,FALSE
BACE,1,TRUE,TRUE,FALSE
BACE1,1,TRUE,TRUE,FALSE
Bacterial ACCase,1,TRUE,TRUE,FALSE
Bacterial Diarrhea,1,TRUE,TRUE,FALSE
Beta 3 Adrenergic Receptor,1,TRUE,TRUE,FALSE
beta-glucocerebrosidase,1,TRUE,TRUE,FALSE
beta-lactam Synergist,1,TRUE,TRUE,FALSE
beta-lactam Synergist (aka Ertapenem potentiator),1,TRUE,TRUE,FALSE
Beta-lactamase Inhibitor,1,TRUE,TRUE,FALSE
b-glucocerebrosidase,1,TRUE,TRUE,FALSE
Bispecific antibody linking anti-IL-10 with an anti-CD40,1,TRUE,TRUE,FALSE
Bispecific antibody targeting Hepatocyte growth facotr HGF and vascular endothelial growth factor-A,1,TRUE,TRUE,FALSE
Bispecific antibody targeting IL-17A,1,TRUE,TRUE,FALSE
Bispecific antibody targeting IL-17A and IL-23R,1,TRUE,TRUE,FALSE
Bispecific antibody targeting IL-17A and TNF,1,TRUE,TRUE,FALSE
Bispecific antibody targeting TNF,1,TRUE,TRUE,FALSE
Bi-specific mAbs,1,TRUE,TRUE,FALSE
Bispecific-IL17A+RANKL antibody,1,TRUE,TRUE,FALSE
Bispecific-RANKL+IL-6 antibody,1,TRUE,TRUE,FALSE
BLT-1,1,TRUE,TRUE,FALSE
broad spectrum flu vaccine,1,TRUE,TRUE,FALSE
Broad Spectrum Herpes Inhibitor,1,TRUE,TRUE,FALSE
Broad spectrum influenza vaccine,1,TRUE,TRUE,FALSE
broadspectrumfluvaccine,1,TRUE,TRUE,FALSE
BroadSpectrumHerpesInhibitor,1,TRUE,TRUE,FALSE
BroadSpectrumHerpesInhibitorProgram,1,TRUE,TRUE,FALSE
Broadspectruminfluenzavaccine,1,TRUE,TRUE,FALSE
BSHiP,1,TRUE,TRUE,FALSE
C.difficile,1,TRUE,TRUE,FALSE
C1qDC2,1,TRUE,TRUE,FALSE
Calcium Sensing Receptor,1,TRUE,TRUE,FALSE
Cancer Osaka Thyroid oncogene,1,TRUE,TRUE,FALSE
"Cancer Osaka Thyroid oncogene, COT / MAP3K8",1,TRUE,TRUE,FALSE
Cannabinoid CB2 receptor,1,TRUE,TRUE,FALSE
Carbapenem Potentiator,1,TRUE,TRUE,FALSE
Carbapenem Potentiator (FtsZ inhibitor),1,TRUE,TRUE,FALSE
Carbapenem Potentiator (SpsB inhibitor),1,TRUE,TRUE,FALSE
CarboCarrier,1,TRUE,TRUE,FALSE
"CarboCarrier-Kiss, ovarian cancer",1,TRUE,TRUE,FALSE
Cardiovascular Disease TIDV,1,TRUE,TRUE,FALSE
CART peptide,1,TRUE,TRUE,FALSE
CaSR (Calcium Sensing Receptor),1,TRUE,TRUE,FALSE
Catechol-O-methyltransferase,1,TRUE,TRUE,FALSE
Catechol-O-methyltransferase (COMT),1,TRUE,TRUE,FALSE
Cathepsin S,1,TRUE,TRUE,FALSE
CatS (Cathepsin S ),1,TRUE,TRUE,FALSE
"CB238,618",1,TRUE,TRUE,FALSE
"CB-238,618",1,TRUE,TRUE,FALSE
CB238618,1,TRUE,TRUE,FALSE
CB-238618,1,TRUE,TRUE,FALSE
"CB254,225",1,TRUE,TRUE,FALSE
"CB-254,225",1,TRUE,TRUE,FALSE
CB254225,1,TRUE,TRUE,FALSE
CB-254225,1,TRUE,TRUE,FALSE
CB5945,1,TRUE,TRUE,FALSE
CB-5945,1,TRUE,TRUE,FALSE
CB618,1,TRUE,TRUE,FALSE
CB'618,1,TRUE,TRUE,FALSE
CB-618,1,TRUE,TRUE,FALSE
CB-'618,1,TRUE,TRUE,FALSE
CCR desensitizer,1,TRUE,TRUE,FALSE
CD100,1,TRUE,TRUE,FALSE
CD27,1,TRUE,TRUE,FALSE
cdk5 (p25/cyclin dependent kinase 5),1,TRUE,TRUE,FALSE
CETP Inhibitor Program,1,TRUE,TRUE,FALSE
ChemR23/Chemerin,1,TRUE,TRUE,FALSE
Chikungunya,1,TRUE,TRUE,FALSE
CIU079,1,TRUE,TRUE,FALSE
Cleavage Activating Protein,1,TRUE,TRUE,FALSE
ClpP - ApoE cleaving enzyme,1,TRUE,TRUE,FALSE
CM24,1,TRUE,TRUE,FALSE
CM-24,1,TRUE,TRUE,FALSE
C-Met,1,TRUE,TRUE,FALSE
CoaBC,1,TRUE,TRUE,FALSE
complementaryPCV,1,TRUE,TRUE,FALSE
complementPCV,1,TRUE,TRUE,FALSE
CRAC (ORAI1),1,TRUE,TRUE,FALSE
CRM,1,TRUE,TRUE,FALSE
CRM 197,1,TRUE,TRUE,FALSE
CRM197,1,TRUE,TRUE,FALSE
CRTH2,1,TRUE,TRUE,FALSE
CTLA4,1,TRUE,TRUE,FALSE
CTLA-4,1,TRUE,TRUE,FALSE
CTNNB1,1,TRUE,TRUE,FALSE
CXCR2 antagonist,1,TRUE,TRUE,FALSE
CXCR2 antagonist (inhaled),1,TRUE,TRUE,FALSE
cyclin dependent kinase 5,1,TRUE,TRUE,FALSE
CYP17A1,1,TRUE,TRUE,FALSE
Cytl1,1,TRUE,TRUE,FALSE
cytotoxic T lymphocyte associated protein 4,1,TRUE,TRUE,FALSE
cytotoxic T lymphocyte-associated protein 4,1,TRUE,TRUE,FALSE
cytotoxic T-lymphocyte associated protein 4,1,TRUE,TRUE,FALSE
cytotoxic T-lymphocyte-associated protein 4,1,TRUE,TRUE,FALSE
cytotoxicTlymphocyteassociatedprotein4,1,TRUE,TRUE,FALSE
cytotoxicTlymphocyte-associatedprotein4,1,TRUE,TRUE,FALSE
cytotoxicT-lymphocyteassociatedprotein4,1,TRUE,TRUE,FALSE
cytotoxicT-lymphocyte-associatedprotein4,1,TRUE,TRUE,FALSE
D1 PAM,1,TRUE,TRUE,FALSE
D2 PAM,1,TRUE,TRUE,FALSE
D2-NET-DAT,1,TRUE,TRUE,FALSE
DAAO (D-amino acid oxidase),1,TRUE,TRUE,FALSE
D-amino acid oxidase,1,TRUE,TRUE,FALSE
DD Test Biologics 06062011,1,TRUE,TRUE,FALSE
Dengue,1,TRUE,TRUE,FALSE
DGAT1,1,TRUE,TRUE,FALSE
DGAT2,1,TRUE,TRUE,FALSE
Diabetes and Endocrinology TIDV,1,TRUE,TRUE,FALSE
Diacylglyceride-O-acyltransferase 2,1,TRUE,TRUE,FALSE
Diacylglyceride-O-acyltransferase 2 (DGAT2),1,TRUE,TRUE,FALSE
Diacylglycerol acyltransferase-1,1,TRUE,TRUE,FALSE
Diacylglycerol acyltransferase-1  (DGAT1),1,TRUE,TRUE,FALSE
Direct Thrombin Inhibitor,1,TRUE,TRUE,FALSE
Dissociated Steroid,1,TRUE,TRUE,FALSE
Dissociated Steroid (glucocorticoid),1,TRUE,TRUE,FALSE
DMSOconjugation,1,TRUE,TRUE,FALSE
DNA ligase I,1,TRUE,TRUE,FALSE
DNA POL A,1,TRUE,TRUE,FALSE
DNA POL A  (polymerase alpha),1,TRUE,TRUE,FALSE
DNA primase,1,TRUE,TRUE,FALSE
DnaE (lagging strand polymerase),1,TRUE,TRUE,FALSE
Donotpost,1,TRUE,TRUE,FALSE
Dopamine Receptor 1 Positive Allosteric Modulator,1,TRUE,TRUE,FALSE
Dopamine Receptor 1 Positive Allosteric Modulator (D1 PAM),1,TRUE,TRUE,FALSE
DPP-4 BP,1,TRUE,TRUE,FALSE
DPP-4 QW,1,TRUE,TRUE,FALSE
DR4 antagonist,1,TRUE,TRUE,FALSE
DR5 antagonist,1,TRUE,TRUE,FALSE
Dual specificity tyrosine phosphorylation-regulated kinase 1A,1,TRUE,TRUE,FALSE
DYRK1A,1,TRUE,TRUE,FALSE
DYRK1A (Dual specificity tyrosine phosphorylation-regulated kinase 1A),1,TRUE,TRUE,FALSE
Edg5 (S1P2),1,TRUE,TRUE,FALSE
EGFR Kinase inhibitor inhaled,1,TRUE,TRUE,FALSE
"EGFR Kinase inhibitor inhaled (erbB-1, HER1)",1,TRUE,TRUE,FALSE
eIF4E,1,TRUE,TRUE,FALSE
EL (Endothelial Lipase),1,TRUE,TRUE,FALSE
Endothelial Lipase,1,TRUE,TRUE,FALSE
EP4,1,TRUE,TRUE,FALSE
EP4 agonist,1,TRUE,TRUE,FALSE
ERa antagonist,1,TRUE,TRUE,FALSE
ER-a antagonist,1,TRUE,TRUE,FALSE
ER-alpha co-factor binding,1,TRUE,TRUE,FALSE
erbB-1,1,TRUE,TRUE,FALSE
ERR1 antagonist,1,TRUE,TRUE,FALSE
ERß agonists,1,TRUE,TRUE,FALSE
ER-ß antagonist,1,TRUE,TRUE,FALSE
Ertapenem potentiator,1,TRUE,TRUE,FALSE
EV-71,1,TRUE,TRUE,FALSE
evernimicin; Ziracin,1,TRUE,TRUE,FALSE
evernimicin; Ziracin (SCH278899),1,TRUE,TRUE,FALSE
FABP4/5,1,TRUE,TRUE,FALSE
Factor XI,1,TRUE,TRUE,FALSE
Factor XI Antagonist mAb,1,TRUE,TRUE,FALSE
Factor XIa,1,TRUE,TRUE,FALSE
FactorXI,1,TRUE,TRUE,FALSE
FactorXIa,1,TRUE,TRUE,FALSE
FactorXIAntagonistantibody,1,TRUE,TRUE,FALSE
FactorXIAntagonistmAb,1,TRUE,TRUE,FALSE
FactorXIAntagonistmonoclonal,1,TRUE,TRUE,FALSE
FAM132A,1,TRUE,TRUE,FALSE
FAM132B,1,TRUE,TRUE,FALSE
Farnesyl protein transferase,1,TRUE,TRUE,FALSE
FATP5,1,TRUE,TRUE,FALSE
Fatty Acid Transport Protein-5,1,TRUE,TRUE,FALSE
Fatty Acid Transport Protein-5 (FATP5/SLC27A5),1,TRUE,TRUE,FALSE
FEN1 (flap endonuclease 1),1,TRUE,TRUE,FALSE
FGF21-fusion,1,TRUE,TRUE,FALSE
filovirusvaccine,1,TRUE,TRUE,FALSE
FKDRLDJONGMYAV-UHFFFAOYSA-N,1,TRUE,TRUE,FALSE
flap endonuclease 1,1,TRUE,TRUE,FALSE
FLRG Fc Fusion,1,TRUE,TRUE,FALSE
flu innoculat*,1,TRUE,TRUE,FALSE
Forinternaluseonly,1,TRUE,TRUE,FALSE
FSH Receptor agonist,1,TRUE,TRUE,FALSE
FSHR Antagonist,1,TRUE,TRUE,FALSE
FSHR short-acting,1,TRUE,TRUE,FALSE
FtsZ inhibitor,1,TRUE,TRUE,FALSE
fungal ACCase,1,TRUE,TRUE,FALSE
fungal ACCase (Acetyl-CoA Carboxylase),1,TRUE,TRUE,FALSE
FXI,1,TRUE,TRUE,FALSE
FXI mAb,1,TRUE,TRUE,FALSE
FXIa,1,TRUE,TRUE,FALSE
G protein-coupled bile acid receptor,1,TRUE,TRUE,FALSE
"G protein-coupled bile acid receptor 1 (GPBAR1; also known as M-Bar, GPR131, TGR5, BG37 and RUP43)",1,TRUE,TRUE,FALSE
g protein-coupled receptor 119,1,TRUE,TRUE,FALSE
g protein-coupled receptor 40,1,TRUE,TRUE,FALSE
Galanin Receptor 1,1,TRUE,TRUE,FALSE
Galanin Receptor 1 (GalR1),1,TRUE,TRUE,FALSE
GalR1,1,TRUE,TRUE,FALSE
gamma Secretase Inhibitor,1,TRUE,TRUE,FALSE
GBA,1,TRUE,TRUE,FALSE
GCGR Co-agonist backup,1,TRUE,TRUE,FALSE
GDF 15/GLP-1 bispecific,1,TRUE,TRUE,FALSE
GDF 15/GLP-1 bi-specific,1,TRUE,TRUE,FALSE
GDF15,1,TRUE,TRUE,FALSE
GDF15/GLP-1 bispecific,1,TRUE,TRUE,FALSE
GDF15/GLP-1 bi-specific,1,TRUE,TRUE,FALSE
GDF15/GLP-1bispecific,1,TRUE,TRUE,FALSE
GDF15/GLP-1bi-specific,1,TRUE,TRUE,FALSE
GITR,1,TRUE,TRUE,FALSE
GITR(+),1,TRUE,TRUE,FALSE
GITR+,1,TRUE,TRUE,FALSE
GITRL,1,TRUE,TRUE,FALSE
GLP-1,1,TRUE,TRUE,FALSE
GLP1/GCGR,1,TRUE,TRUE,FALSE
GLP-1/GCGR,1,TRUE,TRUE,FALSE
GLP-1/GCGR co-agonist,1,TRUE,TRUE,FALSE
GLP-1/GCGRCoagonist,1,TRUE,TRUE,FALSE
GLP-1/GCGRCo-agonist,1,TRUE,TRUE,FALSE
GLP1GCGR,1,TRUE,TRUE,FALSE
GLP1-GCGR,1,TRUE,TRUE,FALSE
GLP1GCGRQD,1,TRUE,TRUE,FALSE
GLP1R PAM,1,TRUE,TRUE,FALSE
glucagon receptor,1,TRUE,TRUE,FALSE
Glucagon Receptor Antagonist (GRA),1,TRUE,TRUE,FALSE
glucagonreceptor,1,TRUE,TRUE,FALSE
Glucan Synthase Inhibitor,1,TRUE,TRUE,FALSE
glucocerebrosidase,1,TRUE,TRUE,FALSE
glucocorticoid,1,TRUE,TRUE,FALSE
glucocorticoid-inducedTNFR,1,TRUE,TRUE,FALSE
glucocorticoid-inducedTNFreceptor,1,TRUE,TRUE,FALSE
glucocorticoid-inducedTNFRfamily-related,1,TRUE,TRUE,FALSE
glucocorticoid-inducedTNFR-related,1,TRUE,TRUE,FALSE
glucocorticoid-inducedtumornecrosisfactor,1,TRUE,TRUE,FALSE
glucocorticoid-inducedtumournecrosisfactor,1,TRUE,TRUE,FALSE
Glucokinase Activator,1,TRUE,TRUE,FALSE
Glucokinase Activator (GKA),1,TRUE,TRUE,FALSE
glucose responsive insulin,1,TRUE,TRUE,FALSE
glucoseresponsiveinsulin,1,TRUE,TRUE,FALSE
glycerol-3-phosphate acyltransferase 1,1,TRUE,TRUE,FALSE
glycerol-3-phosphate acyltransferase 1 (GPAT1),1,TRUE,TRUE,FALSE
Glycine Transporter 1,1,TRUE,TRUE,FALSE
Glycine Transporter 1 (GlyT1),1,TRUE,TRUE,FALSE
Glycogen Synthase Kinase 3b,1,TRUE,TRUE,FALSE
GlyT1,1,TRUE,TRUE,FALSE
GnRHR PAM,1,TRUE,TRUE,FALSE
GnRH-Receptor,1,TRUE,TRUE,FALSE
GPAT1,1,TRUE,TRUE,FALSE
GPI anchor program,1,TRUE,TRUE,FALSE
GPR 119,1,TRUE,TRUE,FALSE
GPR 40,1,TRUE,TRUE,FALSE
GPR 40/120,1,TRUE,TRUE,FALSE
GPR103,1,TRUE,TRUE,FALSE
GPR103 (QRFPR),1,TRUE,TRUE,FALSE
GPR105,1,TRUE,TRUE,FALSE
GPR105 (P2RY14),1,TRUE,TRUE,FALSE
GPR119,1,TRUE,TRUE,FALSE
GPR3 Agonist,1,TRUE,TRUE,FALSE
GPR40,1,TRUE,TRUE,FALSE
GPR40 agoPAM,1,TRUE,TRUE,FALSE
GPR43 agonist,1,TRUE,TRUE,FALSE
GPR50,1,TRUE,TRUE,FALSE
GPR54,1,TRUE,TRUE,FALSE
GPR54 LMW,1,TRUE,TRUE,FALSE
GPR55,1,TRUE,TRUE,FALSE
GPR6 agonist,1,TRUE,TRUE,FALSE
GPR7 (NPB/W R1),1,TRUE,TRUE,FALSE
GPR74,1,TRUE,TRUE,FALSE
GPR81,1,TRUE,TRUE,FALSE
GPR85,1,TRUE,TRUE,FALSE
GPR91,1,TRUE,TRUE,FALSE
gprotein-coupledreceptor119,1,TRUE,TRUE,FALSE
gprotein-coupledreceptor40,1,TRUE,TRUE,FALSE
GRI,1,TRUE,TRUE,FALSE
GRI (Glucose Responsive Insulin),1,TRUE,TRUE,FALSE
growth differentiation factor 15/glucagon like peptide 1,1,TRUE,TRUE,FALSE
GSK3beta,1,TRUE,TRUE,FALSE
GSK3beta (Glycogen Synthase Kinase 3b),1,TRUE,TRUE,FALSE
guanylate cyclase,1,TRUE,TRUE,FALSE
guanylatecyclase,1,TRUE,TRUE,FALSE
Gyrase,1,TRUE,TRUE,FALSE
HAD Ci,1,TRUE,TRUE,FALSE
HADCi,1,TRUE,TRUE,FALSE
HBV LNP,1,TRUE,TRUE,FALSE
HCV Infectivity Screen/ Assay,1,TRUE,TRUE,FALSE
HCV NS2 protease,1,TRUE,TRUE,FALSE
HCV NS3 Helicase,1,TRUE,TRUE,FALSE
HCV NS3/4A protease inhibitor,1,TRUE,TRUE,FALSE
HCV NS4A,1,TRUE,TRUE,FALSE
HCV NS4B backup,1,TRUE,TRUE,FALSE
HCV NS5a Inhibitor,1,TRUE,TRUE,FALSE
HCV NS5B Active site NN Inhibitor,1,TRUE,TRUE,FALSE
"HCV NS5B Non-nucleoside inhibitor, site A",1,TRUE,TRUE,FALSE
HCV NS5B NUC,1,TRUE,TRUE,FALSE
HCV NS5B Polymerase Non-nucleoside Back-up,1,TRUE,TRUE,FALSE
HCV NS5B Polymerase Nucleoside Inhibitor,1,TRUE,TRUE,FALSE
HCV NS5B Polymerase Nucleoside Inhibitor (NI),1,TRUE,TRUE,FALSE
HCV NS5B Polymerase Site D NNI,1,TRUE,TRUE,FALSE
HCV NS5B Polymerase Site E,1,TRUE,TRUE,FALSE
HCV Replicase Inhibitor,1,TRUE,TRUE,FALSE
HCV viral entry,1,TRUE,TRUE,FALSE
HCVNS5BNUC,1,TRUE,TRUE,FALSE
HDAC2,1,TRUE,TRUE,FALSE
HDAC2 (Histone Deacetylase 2),1,TRUE,TRUE,FALSE
HDACi,1,TRUE,TRUE,FALSE
heme replace,1,TRUE,TRUE,FALSE
hemereplace,1,TRUE,TRUE,FALSE
herpes inhibitor,1,TRUE,TRUE,FALSE
herpesinhibitor,1,TRUE,TRUE,FALSE
herpessymplexvirus,1,TRUE,TRUE,FALSE
HGDNUPFYJMUAJW-BTYIYWSLSA-N,1,TRUE,TRUE,FALSE
Histamine H3 Receptor,1,TRUE,TRUE,FALSE
histone deacetylase,1,TRUE,TRUE,FALSE
Histone deacetylase (HDAC),1,TRUE,TRUE,FALSE
Histone Deacetylase 2,1,TRUE,TRUE,FALSE
histonedeacetylase,1,TRUE,TRUE,FALSE
histonedeacetylaseinhibitor,1,TRUE,TRUE,FALSE
HIV CXCR4,1,TRUE,TRUE,FALSE
HIV Integrase 2G,1,TRUE,TRUE,FALSE
HIV Integrase 2nd generation,1,TRUE,TRUE,FALSE
HIV integrase Ex DD,1,TRUE,TRUE,FALSE
HIV integrase ExDD,1,TRUE,TRUE,FALSE
HIV Integrase second generation,1,TRUE,TRUE,FALSE
HIV Latency Target 1,1,TRUE,TRUE,FALSE
HIV RNase H,1,TRUE,TRUE,FALSE
HIV RT active site inhibitor,1,TRUE,TRUE,FALSE
HIV-1 CAVD,1,TRUE,TRUE,FALSE
HIV1 Integrase-LEDGF,1,TRUE,TRUE,FALSE
HIV-1 Tat,1,TRUE,TRUE,FALSE
HIVIntegrase2ndgeneration,1,TRUE,TRUE,FALSE
HIVintegraseExDD,1,TRUE,TRUE,FALSE
HIVintegraseLAP,1,TRUE,TRUE,FALSE
HIVIntegrasesecondgeneration,1,TRUE,TRUE,FALSE
HIVQW,1,TRUE,TRUE,FALSE
HSV,1,TRUE,TRUE,FALSE
HSV-2 Px,1,TRUE,TRUE,FALSE
HTR1B,1,TRUE,TRUE,FALSE
human metapneumovirus,1,TRUE,TRUE,FALSE
humanmetapneumovirus,1,TRUE,TRUE,FALSE
Humira biobetter,1,TRUE,TRUE,FALSE
Hydroxyacid oxidase 2,1,TRUE,TRUE,FALSE
Hydroxyacid oxidase 2 (long chain) (Hao2),1,TRUE,TRUE,FALSE
IDH1 Inhibitor,1,TRUE,TRUE,FALSE
IDO,1,TRUE,TRUE,FALSE
IDO/TDO,1,TRUE,TRUE,FALSE
IDO1,1,TRUE,TRUE,FALSE
IDO1/TDO,1,TRUE,TRUE,FALSE
IGF-1R-ADC,1,TRUE,TRUE,FALSE
IGF-1R-ADC(anti-insulin-like growth factor-1 receptor - drug conjugate),1,TRUE,TRUE,FALSE
iGluR5,1,TRUE,TRUE,FALSE
iJAK,1,TRUE,TRUE,FALSE
IKBKE,1,TRUE,TRUE,FALSE
IKK epsilon,1,TRUE,TRUE,FALSE
"IKK epsilon (IKKi, IKBKE)",1,TRUE,TRUE,FALSE
IKK-1,1,TRUE,TRUE,FALSE
"IKK-1 (IKK-alpha, CHUK)",1,TRUE,TRUE,FALSE
IKK-alpha,1,TRUE,TRUE,FALSE
IL-17,1,TRUE,TRUE,FALSE
IL-17 (small molecule approach),1,TRUE,TRUE,FALSE
IL17 pathway mining,1,TRUE,TRUE,FALSE
IL-23 pathway mining,1,TRUE,TRUE,FALSE
IL-25 recombinant protein,1,TRUE,TRUE,FALSE
IL27 recombinant,1,TRUE,TRUE,FALSE
IL-52,1,TRUE,TRUE,FALSE
IL-52 (Cytl1),1,TRUE,TRUE,FALSE
immunoglobulin-like transcript 4,1,TRUE,TRUE,FALSE
immunoglobulin-like transcript-4,1,TRUE,TRUE,FALSE
immunoglobulin-liketranscript3,1,TRUE,TRUE,FALSE
immunoglobulin-liketranscript-3,1,TRUE,TRUE,FALSE
immunoglobulin-liketranscript4,1,TRUE,TRUE,FALSE
immunoglobulin-liketranscript-4,1,TRUE,TRUE,FALSE
IMPDH2,1,TRUE,TRUE,FALSE
"indoleamine 2,3-dioxygenase",1,TRUE,TRUE,FALSE
indoleamine-2,1,TRUE,TRUE,FALSE
"indoleamine2,3-dioxygenase",1,TRUE,TRUE,FALSE
"indoleamine-2,3-dioxygenase-1",1,TRUE,TRUE,FALSE
indoleamine-dioxygenase-1,1,TRUE,TRUE,FALSE
Infectious Disease TIDV,1,TRUE,TRUE,FALSE
influenza innoculat*,1,TRUE,TRUE,FALSE
influenza vaccin*,1,TRUE,TRUE,FALSE
Inhaled Janus Kinase,1,TRUE,TRUE,FALSE
Inhaled sGC Heme-Dependent Activator,1,TRUE,TRUE,FALSE
Inhaled Soluble Guanylate Cyclase,1,TRUE,TRUE,FALSE
InhaledJanusKinase,1,TRUE,TRUE,FALSE
InhaledsGCHeme-DependentActivator,1,TRUE,TRUE,FALSE
Ins-GLP-1-Gcg,1,TRUE,TRUE,FALSE
InSTi,1,TRUE,TRUE,FALSE
InSTi QW,1,TRUE,TRUE,FALSE
InSTiQW,1,TRUE,TRUE,FALSE
Insulin glycoengg,1,TRUE,TRUE,FALSE
insulin receptor partial agonist,1,TRUE,TRUE,FALSE
Insulin-GLP1R-glucagon,1,TRUE,TRUE,FALSE
insulinreceptorpartialagonist,1,TRUE,TRUE,FALSE
integrasestrandtransfer,1,TRUE,TRUE,FALSE
IOM2983,1,TRUE,TRUE,FALSE
IOM-2983,1,TRUE,TRUE,FALSE
IRPA,1,TRUE,TRUE,FALSE
"IsdB monoclonal, Staphylococcus aureus",1,TRUE,TRUE,FALSE
iSGC,1,TRUE,TRUE,FALSE
JAK,1,TRUE,TRUE,FALSE
JAK inhibitor,1,TRUE,TRUE,FALSE
JAK inhibitor (JAK1),1,TRUE,TRUE,FALSE
Janus Kinase 3,1,TRUE,TRUE,FALSE
Janus Kinase 3 (JAK3),1,TRUE,TRUE,FALSE
Januskinase-bindingprotein1,1,TRUE,TRUE,FALSE
KCC2 (Potassium chloride co-transporter 2),1,TRUE,TRUE,FALSE
KCNQ2-3,1,TRUE,TRUE,FALSE
KCNQ2-3 (Kv7.2/7.3) Potassium channel,1,TRUE,TRUE,FALSE
KEAP1,1,TRUE,TRUE,FALSE
Ketohexokinase,1,TRUE,TRUE,FALSE
KIF14,1,TRUE,TRUE,FALSE
KIF14 (Kinesin Family Member 14),1,TRUE,TRUE,FALSE
Kinesin Family Member 14,1,TRUE,TRUE,FALSE
KISS1R,1,TRUE,TRUE,FALSE
"KISS1R (GPR54) CarboCarrier-Kiss, fertility",1,TRUE,TRUE,FALSE
"KISS1R (GPR54)	1",1,TRUE,TRUE,FALSE
KISS1R Agonist(GPR54 LMW),1,TRUE,TRUE,FALSE
Kiss1R antagonist,1,TRUE,TRUE,FALSE
Kv1.3,1,TRUE,TRUE,FALSE
Kv7.2,1,TRUE,TRUE,FALSE
Kv7.3,1,TRUE,TRUE,FALSE
LAG3,1,TRUE,TRUE,FALSE
lagging strand polymerase,1,TRUE,TRUE,FALSE
leucine-rich repeat kinase 2,1,TRUE,TRUE,FALSE
leucine-richrepeatkinase2,1,TRUE,TRUE,FALSE
leucocyteIglikereceptorB2,1,TRUE,TRUE,FALSE
leucocyteIg-likereceptorB2,1,TRUE,TRUE,FALSE
leucyl/cystinyl aminopeptidase,1,TRUE,TRUE,FALSE
leucyl/cystinyl aminopeptidase (LNPEP),1,TRUE,TRUE,FALSE
"leukocyte immunoglobulin-like receptor, subfamily B",1,TRUE,TRUE,FALSE
"leukocyteimmunoglobulin-likereceptor,subfamilyB",1,TRUE,TRUE,FALSE
leukocyteimmunoglobulinlikereceptorB,1,TRUE,TRUE,FALSE
leukocyteimmunoglobulin-likereceptorB,1,TRUE,TRUE,FALSE
leukocyteimmunoglobulinlikereceptorB2,1,TRUE,TRUE,FALSE
leukocyteimmunoglobulin-likereceptorB2,1,TRUE,TRUE,FALSE
LHR agonist,1,TRUE,TRUE,FALSE
LHR Antagonist,1,TRUE,TRUE,FALSE
LILR,1,TRUE,TRUE,FALSE
LILRA2,1,TRUE,TRUE,FALSE
LILRB2,1,TRUE,TRUE,FALSE
LNPEP,1,TRUE,TRUE,FALSE
LRRK2,1,TRUE,TRUE,FALSE
LRRTM3,1,TRUE,TRUE,FALSE
LXRbeta,1,TRUE,TRUE,FALSE
LXRbeta (Liver X Receptor b),1,TRUE,TRUE,FALSE
lymphocyte activation gene-3,1,TRUE,TRUE,FALSE
lymphocyteactivatedgene-3,1,TRUE,TRUE,FALSE
lymphocyteactivationgene-3,1,TRUE,TRUE,FALSE
lymphocyteactivationgene-3(LAG3)andprogrammedcelldeath1(PD1),1,TRUE,TRUE,FALSE
M4 mAChRs Positive Allosteric Modulators,1,TRUE,TRUE,FALSE
M4 mAChRs Positive Allosteric Modulators (PAM),1,TRUE,TRUE,FALSE
M4 muscarinic acetylcholine receptor positive allosteric modulator,1,TRUE,TRUE,FALSE
M4 PAM,1,TRUE,TRUE,FALSE
M4muscarinicacetylcholinereceptorpositiveallostericmodulator,1,TRUE,TRUE,FALSE
M4PAM,1,TRUE,TRUE,FALSE
MAGL (Monoacylglycerol lipase),1,TRUE,TRUE,FALSE
Malaria,1,TRUE,TRUE,FALSE
MAP3K8,1,TRUE,TRUE,FALSE
MARK2,1,TRUE,TRUE,FALSE
MARK2 (Microtubule Affinity Regulating Kinase 2),1,TRUE,TRUE,FALSE
Mas related gene D,1,TRUE,TRUE,FALSE
mBLI,1,TRUE,TRUE,FALSE
MCH-1R antagonist,1,TRUE,TRUE,FALSE
MCP-1-Ig,1,TRUE,TRUE,FALSE
MCP-1-Ig (CCR desensitizer),1,TRUE,TRUE,FALSE
MDL-1,1,TRUE,TRUE,FALSE
MDL-1-Ig,1,TRUE,TRUE,FALSE
MDL-1-Ig (soluble fusion protein),1,TRUE,TRUE,FALSE
MedChem resourcing,1,TRUE,TRUE,FALSE
Mening B,1,TRUE,TRUE,FALSE
Metabotropic glutamate receptor,1,TRUE,TRUE,FALSE
metabotropic glutamate receptor negative allosteric modulator,1,TRUE,TRUE,FALSE
metabotropicglutamatereceptornegativeallostericmodulator,1,TRUE,TRUE,FALSE
metallo b lactamase,1,TRUE,TRUE,FALSE
metallo beta lactamase,1,TRUE,TRUE,FALSE
metallobetalactamase,1,TRUE,TRUE,FALSE
metalloblactamase,1,TRUE,TRUE,FALSE
Metallo-B-Lactamase Inhibitor,1,TRUE,TRUE,FALSE
Metallo-B-LactamaseInhibitor,1,TRUE,TRUE,FALSE
MG29 (SYPL2),1,TRUE,TRUE,FALSE
MG53 recombinant,1,TRUE,TRUE,FALSE
MGAT2,1,TRUE,TRUE,FALSE
mGluR2 NAM,1,TRUE,TRUE,FALSE
mGluR2 Positive Allosteric Modulator,1,TRUE,TRUE,FALSE
mGluR2NAM,1,TRUE,TRUE,FALSE
mGluR4 Positive Allosteric Modulator,1,TRUE,TRUE,FALSE
mGluR5 PAM,1,TRUE,TRUE,FALSE
mGluR5-NAM,1,TRUE,TRUE,FALSE
mGluR5-NAM (Metabotropic glutamate receptor),1,TRUE,TRUE,FALSE
mGluR7,1,TRUE,TRUE,FALSE
mGluR7 (Metabotropic Glutamate Receptor 7),1,TRUE,TRUE,FALSE
mGluR8,1,TRUE,TRUE,FALSE
mGluR8 (Metabotropic Glutamate Receptor 8),1,TRUE,TRUE,FALSE
Microtubule Affinity Regulating Kinase 2,1,TRUE,TRUE,FALSE
Mineralocorticoid Receptor,1,TRUE,TRUE,FALSE
Mineralocorticoid Receptor (MR),1,TRUE,TRUE,FALSE
MK2 inhibitor,1,TRUE,TRUE,FALSE
MK2 inhibitor (ATP competitive and nonATP competitive),1,TRUE,TRUE,FALSE
MK-3475,1,TRUE,TRUE,FALSE
MNK1/2,1,TRUE,TRUE,FALSE
Monoacyl Glycerol Acyl Transferase 2,1,TRUE,TRUE,FALSE
Monoacyl Glycerol Acyl Transferase 2 (MGAT2),1,TRUE,TRUE,FALSE
Monoacylglycerol lipase,1,TRUE,TRUE,FALSE
Monobactam,1,TRUE,TRUE,FALSE
MrgD (Mas related gene D),1,TRUE,TRUE,FALSE
mTOR Kinase Domain,1,TRUE,TRUE,FALSE
muscarinic acetylcholine receptor,1,TRUE,TRUE,FALSE
muscarinicacetylcholinereceptor,1,TRUE,TRUE,FALSE
NADPH Oxidase 1,1,TRUE,TRUE,FALSE
NADPH Oxidase 1 (Nox1),1,TRUE,TRUE,FALSE
NALP3,1,TRUE,TRUE,FALSE
NaV 1 7,1,TRUE,TRUE,FALSE
NaV 1.7,1,TRUE,TRUE,FALSE
NaV1 7,1,TRUE,TRUE,FALSE
NaV1.7,1,TRUE,TRUE,FALSE
Nav1.7/1.8,1,TRUE,TRUE,FALSE
NaV1.8,1,TRUE,TRUE,FALSE
NaV17,1,TRUE,TRUE,FALSE
NaV18,1,TRUE,TRUE,FALSE
NDV,1,TRUE,TRUE,FALSE
NDVIL-12,1,TRUE,TRUE,FALSE
NDV-IL12,1,TRUE,TRUE,FALSE
NDV-IL-12,1,TRUE,TRUE,FALSE
NEIL1,1,TRUE,TRUE,FALSE
Neuropeptide S Receptor,1,TRUE,TRUE,FALSE
Neuropeptide-FF receptor-2,1,TRUE,TRUE,FALSE
"Neuropeptide-FF receptor-2, NPFFR2/GPR74",1,TRUE,TRUE,FALSE
Neurosciences and Ophthalmology TIDV,1,TRUE,TRUE,FALSE
Newcastlediseasevirus,1,TRUE,TRUE,FALSE
nicotinic,1,TRUE,TRUE,FALSE
Nitric Oxide - Angiotensin Receptor Blocker,1,TRUE,TRUE,FALSE
Nitric Oxide - Angiotensin Receptor Blocker                          (NO-ARB),1,TRUE,TRUE,FALSE
Nitric Oxide Donor,1,TRUE,TRUE,FALSE
Nitric Oxide linked Diuretic,1,TRUE,TRUE,FALSE
Nitric Oxide linked Diuretic (NO-Diuretic),1,TRUE,TRUE,FALSE
N-Methly D-aspartate,1,TRUE,TRUE,FALSE
N-Methly D-aspartate (NMDA) Receptor,1,TRUE,TRUE,FALSE
NNRTI,1,TRUE,TRUE,FALSE
NNRTIQW,1,TRUE,TRUE,FALSE
nonnucleoside reverse transcriptase,1,TRUE,TRUE,FALSE
Non-nucleoside Reverse transcriptase Inhibitor,1,TRUE,TRUE,FALSE
Non-nucleoside Reverse transcriptase Inhibitor (NNRTI),1,TRUE,TRUE,FALSE
nonnucleosidereversetranscriptase,1,TRUE,TRUE,FALSE
Non-nucleosideReversetranscriptaseInhibitor,1,TRUE,TRUE,FALSE
NPFFR1 Antagonist,1,TRUE,TRUE,FALSE
NPFFR2,1,TRUE,TRUE,FALSE
NRIP1-EGR1-NAB1 for the regulation of apoA1,1,TRUE,TRUE,FALSE
NRTI,1,TRUE,TRUE,FALSE
NS5B,1,TRUE,TRUE,FALSE
nucleoside reverse transcriptase,1,TRUE,TRUE,FALSE
Nucleoside Reverse Transcriptase Inhibitor,1,TRUE,TRUE,FALSE
Nucleoside Reverse Transcriptase Inhibitor (NRTI),1,TRUE,TRUE,FALSE
nucleosidereversetranscriptase,1,TRUE,TRUE,FALSE
OCT3-EMT,1,TRUE,TRUE,FALSE
OCT3-EMT (Organic cation transporter 3),1,TRUE,TRUE,FALSE
Oncology Polypharmacology,1,TRUE,TRUE,FALSE
Oncology Polypharmacology (OPP),1,TRUE,TRUE,FALSE
Oncology TIDV,1,TRUE,TRUE,FALSE
ORAI1,1,TRUE,TRUE,FALSE
Orexin DORA,1,TRUE,TRUE,FALSE
Orexin Receptor 2,1,TRUE,TRUE,FALSE
Orexin Receptor 2 (OX2R) Agonist/Potentiator,1,TRUE,TRUE,FALSE
orexin2,1,TRUE,TRUE,FALSE
Orexin-2 receptor antagonist,1,TRUE,TRUE,FALSE
Organic cation transporter 3,1,TRUE,TRUE,FALSE
OX2,1,TRUE,TRUE,FALSE
OX-2,1,TRUE,TRUE,FALSE
OX2Rantag,1,TRUE,TRUE,FALSE
OX2Rantag (Orexin-2 receptor antagonist),1,TRUE,TRUE,FALSE
OX2R-OX1R,1,TRUE,TRUE,FALSE
OX2R-OX1R (Mixed Orexin OX1R/OX2R antagonists),1,TRUE,TRUE,FALSE
OXTR Agonist,1,TRUE,TRUE,FALSE
Oxytocin receptor,1,TRUE,TRUE,FALSE
P2RY14,1,TRUE,TRUE,FALSE
P2X3,1,TRUE,TRUE,FALSE
P2X3 P2X2/3,1,TRUE,TRUE,FALSE
P2X3 Receptor,1,TRUE,TRUE,FALSE
P2X3R,1,TRUE,TRUE,FALSE
p38a/MK2,1,TRUE,TRUE,FALSE
p38a/MK2 (inhaled),1,TRUE,TRUE,FALSE
p38Delta,1,TRUE,TRUE,FALSE
p38-JNK,1,TRUE,TRUE,FALSE
p70S6K,1,TRUE,TRUE,FALSE
p90RSK,1,TRUE,TRUE,FALSE
p90RSK and p70S6K,1,TRUE,TRUE,FALSE
PAK kinase inhibitor,1,TRUE,TRUE,FALSE
panherpes,1,TRUE,TRUE,FALSE
PARP BU2,1,TRUE,TRUE,FALSE
PCS K9,1,TRUE,TRUE,FALSE
PCSK8 inhibitor,1,TRUE,TRUE,FALSE
PCSK9,1,TRUE,TRUE,FALSE
PCSK9 Small Molecule,1,TRUE,TRUE,FALSE
PCV114/116,1,TRUE,TRUE,FALSE
PCV21,1,TRUE,TRUE,FALSE
PCV22,1,TRUE,TRUE,FALSE
PD1-LAG3,1,TRUE,TRUE,FALSE
PDE(9),1,TRUE,TRUE,FALSE
PDE10,1,TRUE,TRUE,FALSE
PDE2,1,TRUE,TRUE,FALSE
PDE2 PET,1,TRUE,TRUE,FALSE
PDE2PET,1,TRUE,TRUE,FALSE
PDE9,1,TRUE,TRUE,FALSE
PDE9A,1,TRUE,TRUE,FALSE
PDK1 Inhibitor,1,TRUE,TRUE,FALSE
PDL1 PET Imaging Tracer,1,TRUE,TRUE,FALSE
PEG-IL-10,1,TRUE,TRUE,FALSE
PHD2 ( Prolyl Hydroxylase 2) siRNA,1,TRUE,TRUE,FALSE
PHD2 siRNA,1,TRUE,TRUE,FALSE
Phosphodiesterase 10 (PDE10) Inhibitor,1,TRUE,TRUE,FALSE
Phosphodiesterase 2,1,TRUE,TRUE,FALSE
Phosphodiesterase 2 (PDE2),1,TRUE,TRUE,FALSE
phosphodiesterase 9,1,TRUE,TRUE,FALSE
Phosphodiesterase type 9,1,TRUE,TRUE,FALSE
Phosphodiesterase2,1,TRUE,TRUE,FALSE
phosphodiesterase9,1,TRUE,TRUE,FALSE
Phosphodiesterasetype9,1,TRUE,TRUE,FALSE
PI3K delta Inhibitor,1,TRUE,TRUE,FALSE
PI3Kd,1,TRUE,TRUE,FALSE
PI3Kdelta-gamma,1,TRUE,TRUE,FALSE
PI3Kdelta-gamma (inhaled),1,TRUE,TRUE,FALSE
PKCiota,1,TRUE,TRUE,FALSE
PKCtheta,1,TRUE,TRUE,FALSE
Pneumococcus Next Generation,1,TRUE,TRUE,FALSE
PNKP (polynucleotide kinase/phosphatase),1,TRUE,TRUE,FALSE
PO-ertapenem,1,TRUE,TRUE,FALSE
polymerase alpha,1,TRUE,TRUE,FALSE
polynucleotide kinase/phosphatase,1,TRUE,TRUE,FALSE
positive allosteric modulator,1,TRUE,TRUE,FALSE
positiveallostericmodulator,1,TRUE,TRUE,FALSE
Potassium chloride co-transporter 2,1,TRUE,TRUE,FALSE
PR antagonist,1,TRUE,TRUE,FALSE
Presenilin-1,1,TRUE,TRUE,FALSE
PRMT5,1,TRUE,TRUE,FALSE
Progesterone Receptor Agonist,1,TRUE,TRUE,FALSE
Prolyl Hydroxylase 2,1,TRUE,TRUE,FALSE
Prolylcarboxypeptidase (PrCP),1,TRUE,TRUE,FALSE
proprotein convertase subtilisin/kexin type 9,1,TRUE,TRUE,FALSE
proproteinconvertasesubtilisin/kexintype9,1,TRUE,TRUE,FALSE
prostanoid receptor,1,TRUE,TRUE,FALSE
prostanoidreceptor,1,TRUE,TRUE,FALSE
proteinargininemethyltransferase5,1,TRUE,TRUE,FALSE
Pseudomonas aeruginosa sensitization,1,TRUE,TRUE,FALSE
PTH receptor,1,TRUE,TRUE,FALSE
PTP1B inhibitor,1,TRUE,TRUE,FALSE
purinenergic,1,TRUE,TRUE,FALSE
purinoceptor,1,TRUE,TRUE,FALSE
purinoceptorP2X3,1,TRUE,TRUE,FALSE
QRFPR,1,TRUE,TRUE,FALSE
Recepteur d'origine nantaise,1,TRUE,TRUE,FALSE
Renin,1,TRUE,TRUE,FALSE
Renin Inhibitor,1,TRUE,TRUE,FALSE
Respiratory and Immunology TIDV,1,TRUE,TRUE,FALSE
respiratory syncytial virus,1,TRUE,TRUE,FALSE
respiratorysyncytialvirus,1,TRUE,TRUE,FALSE
retinoic acid-inducible gene I,1,TRUE,TRUE,FALSE
retinoicacid-induciblegeneI,1,TRUE,TRUE,FALSE
rev1/3,1,TRUE,TRUE,FALSE
RGT100,1,TRUE,TRUE,FALSE
RGT-100,1,TRUE,TRUE,FALSE
RIG1,1,TRUE,TRUE,FALSE
RIG-1,1,TRUE,TRUE,FALSE
RIG-I,1,TRUE,TRUE,FALSE
rIL-33,1,TRUE,TRUE,FALSE
rIL-33 (recombinant),1,TRUE,TRUE,FALSE
rNDV,1,TRUE,TRUE,FALSE
RSV,1,TRUE,TRUE,FALSE
RSV hMPV,1,TRUE,TRUE,FALSE
RSV mAb,1,TRUE,TRUE,FALSE
RSVhMPV,1,TRUE,TRUE,FALSE
S1P2,1,TRUE,TRUE,FALSE
S1P3 [Sphingosine-1-P receptor 3 (EDG-3)],1,TRUE,TRUE,FALSE
S6Kinase,1,TRUE,TRUE,FALSE
S6Kinase Imaging tracer,1,TRUE,TRUE,FALSE
sAC Inhibitor,1,TRUE,TRUE,FALSE
SAM competitive,1,TRUE,TRUE,FALSE
SAM uncompetitive,1,TRUE,TRUE,FALSE
SAMcompetitive,1,TRUE,TRUE,FALSE
SAMM (selective allosteric M1 modulator),1,TRUE,TRUE,FALSE
SAMuncompetitive,1,TRUE,TRUE,FALSE
SCAP inhibitor,1,TRUE,TRUE,FALSE
SCH278899,1,TRUE,TRUE,FALSE
SDS inhibitor,1,TRUE,TRUE,FALSE
SegRM,1,TRUE,TRUE,FALSE
Selective Androgen Receptor Modulator,1,TRUE,TRUE,FALSE
Selective Androgen Receptor Modulator (SARM),1,TRUE,TRUE,FALSE
Selective Glucocorticoid Receptor Modulator,1,TRUE,TRUE,FALSE
Selective Glucocorticoid Receptor Modulator (SegRM),1,TRUE,TRUE,FALSE
"Selective glucocorticoid receptor modulator (SEGRM), bone-sparing",1,TRUE,TRUE,FALSE
"Selective glucocorticoid receptor modulator (SEGRM), insulin-sparing",1,TRUE,TRUE,FALSE
Selective Progesterone Receptor Modulators,1,TRUE,TRUE,FALSE
sEphB4,1,TRUE,TRUE,FALSE
sepiaterin,1,TRUE,TRUE,FALSE
serotype15A,1,TRUE,TRUE,FALSE
serotype16F,1,TRUE,TRUE,FALSE
serotype23A,1,TRUE,TRUE,FALSE
serotype23B,1,TRUE,TRUE,FALSE
serotype24F,1,TRUE,TRUE,FALSE
serotype31,1,TRUE,TRUE,FALSE
serotype35B,1,TRUE,TRUE,FALSE
serotype6C,1,TRUE,TRUE,FALSE
SFPFZQKYPOWCSI-KHFYHRBSBE,1,TRUE,TRUE,FALSE
SFPFZQKYPOWCSI-KHFYHRBSSA-N,1,TRUE,TRUE,FALSE
sGC,1,TRUE,TRUE,FALSE
Sialylated Fc/IgG (IVIG),1,TRUE,TRUE,FALSE
Sirt1-DO,1,TRUE,TRUE,FALSE
SIRT1-ONC,1,TRUE,TRUE,FALSE
SLC27A5,1,TRUE,TRUE,FALSE
SMACK,1,TRUE,TRUE,FALSE
small molecule activated cell kill,1,TRUE,TRUE,FALSE
smallmoleculeactivatedcellkill,1,TRUE,TRUE,FALSE
Smoothened (Smo) Antagonist,1,TRUE,TRUE,FALSE
Smoothened Antagonist,1,TRUE,TRUE,FALSE
SNI Modulator - topical,1,TRUE,TRUE,FALSE
Soluable Guanylate Cyclase Heme-Independent Activator,1,TRUE,TRUE,FALSE
soluble fusion protein,1,TRUE,TRUE,FALSE
soluble guanylate cyclase,1,TRUE,TRUE,FALSE
solubleguanylatecyclase,1,TRUE,TRUE,FALSE
SPR,1,TRUE,TRUE,FALSE
SPRM (Selective Progesterone Receptor Modulators),1,TRUE,TRUE,FALSE
SPRM-SARM,1,TRUE,TRUE,FALSE
SPRM-SARM (Selective Progesterone Receptor and Androgen Receptor Modulators),1,TRUE,TRUE,FALSE
SpsB inhibitor,1,TRUE,TRUE,FALSE
SREBP,1,TRUE,TRUE,FALSE
SREBP- Cleavage Activating Protein (SCAP),1,TRUE,TRUE,FALSE
ssGlyRa3-a1,1,TRUE,TRUE,FALSE
ssGlyRa3-a1 (Strychnine sensitive glycine receptor),1,TRUE,TRUE,FALSE
SSTR3 (somatostatin receptor-3),1,TRUE,TRUE,FALSE
SSTR5,1,TRUE,TRUE,FALSE
Staph 2G,1,TRUE,TRUE,FALSE
Stearyl-CoA Desaturase 1(SCD1),1,TRUE,TRUE,FALSE
Steroid sulfatase,1,TRUE,TRUE,FALSE
stimulator interferon gene,1,TRUE,TRUE,FALSE
stimulatorinterferongene,1,TRUE,TRUE,FALSE
STING,1,TRUE,TRUE,FALSE
STING agonist,1,TRUE,TRUE,FALSE
STINGagonist,1,TRUE,TRUE,FALSE
STK33,1,TRUE,TRUE,FALSE
Strychnine sensitive glycine receptor,1,TRUE,TRUE,FALSE
Syk Oncology,1,TRUE,TRUE,FALSE
SYPL2,1,TRUE,TRUE,FALSE
TACE (topical),1,TRUE,TRUE,FALSE
TANK-binding kinase 1,1,TRUE,TRUE,FALSE
TANK-binding kinase 1 (TBK1),1,TRUE,TRUE,FALSE
TASK-3,1,TRUE,TRUE,FALSE
Tau Aggregation Inhibitor,1,TRUE,TRUE,FALSE
Tau Imaging Agent,1,TRUE,TRUE,FALSE
Tau suppression,1,TRUE,TRUE,FALSE
tauaggregation,1,TRUE,TRUE,FALSE
tauimmunotherapy,1,TRUE,TRUE,FALSE
tauphenotypic,1,TRUE,TRUE,FALSE
tauscreen,1,TRUE,TRUE,FALSE
tautherapeutic,1,TRUE,TRUE,FALSE
T-cellIgandITIMdomain,1,TRUE,TRUE,FALSE
T-cellimmunoglobulinAND(IgORITIMORtyrosineORimmunoreceptor),1,TRUE,TRUE,FALSE
TcellimmunoreceptorAND(IgORITIMORtyrosineORimmunoreceptor),1,TRUE,TRUE,FALSE
TDO,1,TRUE,TRUE,FALSE
Temozolomide 2nd Generation,1,TRUE,TRUE,FALSE
Tenofovir prodrug,1,TRUE,TRUE,FALSE
Tenofovirprodrug,1,TRUE,TRUE,FALSE
TF Prodrug,1,TRUE,TRUE,FALSE
TFProdrug,1,TRUE,TRUE,FALSE
TFVPD,1,TRUE,TRUE,FALSE
TFV-PD,1,TRUE,TRUE,FALSE
Thera Hep B Vaccine,1,TRUE,TRUE,FALSE
TIGIT,1,TRUE,TRUE,FALSE
TIM-3,1,TRUE,TRUE,FALSE
TNF18,1,TRUE,TRUE,FALSE
TNFreceptorsuperfamilymember18,1,TRUE,TRUE,FALSE
TNFRSF18,1,TRUE,TRUE,FALSE
TNFSF13,1,TRUE,TRUE,FALSE
"TNFX (C1qDC2, FAM132A)",1,TRUE,TRUE,FALSE
TNFY (FAM132B),1,TRUE,TRUE,FALSE
Top3beta,1,TRUE,TRUE,FALSE
Transient receptor potential,1,TRUE,TRUE,FALSE
TREK-1,1,TRUE,TRUE,FALSE
TrkA (Tyrosine Kinase A),1,TRUE,TRUE,FALSE
TrkA inhibitor mAb,1,TRUE,TRUE,FALSE
"Trp-2,3-dioxygenase",1,TRUE,TRUE,FALSE
TRPA1,1,TRUE,TRUE,FALSE
TRPA1 (Transient receptor potential ankyrin-1),1,TRUE,TRUE,FALSE
TRPM8,1,TRUE,TRUE,FALSE
TRPM8 (Transient receptor potential melastatin-8),1,TRUE,TRUE,FALSE
TRPV1,1,TRUE,TRUE,FALSE
TRPV1 Topical,1,TRUE,TRUE,FALSE
TRPV3,1,TRUE,TRUE,FALSE
TRPV3 (Transient receptor potential V3),1,TRUE,TRUE,FALSE
Tryptase gamma (TPSG1),1,TRUE,TRUE,FALSE
"tryptophan 2,3-dioxygenase",1,TRUE,TRUE,FALSE
"tryptophan2,3-dioxygenase",1,TRUE,TRUE,FALSE
tumornecrosisfactorreceptorsuperfamilymember18,1,TRUE,TRUE,FALSE
Tyrosine Kinase A,1,TRUE,TRUE,FALSE
UbcH5,1,TRUE,TRUE,FALSE
UCH-L3,1,TRUE,TRUE,FALSE
universalflu,1,TRUE,TRUE,FALSE
USP16,1,TRUE,TRUE,FALSE
USP2a,1,TRUE,TRUE,FALSE
USP7-MRL,1,TRUE,TRUE,FALSE
VEGF-A,1,TRUE,TRUE,FALSE
voltage-gated sodium channel,1,TRUE,TRUE,FALSE
voltage-gatedsodiumchannel,1,TRUE,TRUE,FALSE
VZV,1,TRUE,TRUE,FALSE
ZnT8 agonist,1,TRUE,TRUE,FALSE
